{
  "accuracy": 0.5460277427490542,
  "classification_report": {
    "6": {
      "precision": 0.5495495495495496,
      "recall": 0.6815642458100558,
      "f1-score": 0.6084788029925187,
      "support": 358.0
    },
    "5": {
      "precision": 0.5866666666666667,
      "recall": 0.5617021276595745,
      "f1-score": 0.5739130434782609,
      "support": 235.0
    },
    "7": {
      "precision": 0.45871559633027525,
      "recall": 0.36231884057971014,
      "f1-score": 0.4048582995951417,
      "support": 138.0
    },
    "8": {
      "precision": 0.3333333333333333,
      "recall": 0.038461538461538464,
      "f1-score": 0.06896551724137931,
      "support": 26.0
    },
    "4": {
      "precision": 0.45454545454545453,
      "recall": 0.16129032258064516,
      "f1-score": 0.23809523809523808,
      "support": 31.0
    },
    "3": {
      "precision": 1.0,
      "recall": 0.25,
      "f1-score": 0.4,
      "support": 4.0
    },
    "9": {
      "precision": 0.0,
      "recall": 0.0,
      "f1-score": 0.0,
      "support": 1.0
    },
    "accuracy": 0.5460277427490542,
    "macro avg": {
      "precision": 0.4832586572036113,
      "recall": 0.29361958215593204,
      "f1-score": 0.3277587002003627,
      "support": 793.0
    },
    "weighted avg": {
      "precision": 0.5355179488733408,
      "recall": 0.5460277427490542,
      "f1-score": 0.5288139695612496,
      "support": 793.0
    }
  },
  "_label_mapping": [
    6,
    5,
    7,
    8,
    4,
    3,
    9
  ]
}